id,final_rank,designed_sequence,designed_chain_sequence,num_design,design_to_target_iptm,min_design_to_target_pae,design_ptm,filter_rmsd,designfolding-filter_rmsd,plip_hbonds_refolded,delta_sasa_refolded,design_largest_hydrophobic_patch_refolded,design_chain_hydrophobicity,design_hydrophobicity,loop,helix,sheet,file_name,num_prot_tokens,num_lig_atoms,num_resolved_tokens,num_tokens,UNK_fraction,GLY_fraction,ALA_fraction,CYS_fraction,SER_fraction,PRO_fraction,THR_fraction,VAL_fraction,ILE_fraction,ASN_fraction,ASP_fraction,LEU_fraction,MET_fraction,GLN_fraction,GLU_fraction,LYS_fraction,HIS_fraction,PHE_fraction,ARG_fraction,TYR_fraction,TRP_fraction,liability_score,liability_num_violations,liability_high_severity_violations,liability_medium_severity_violations,liability_low_severity_violations,liability_AspBridge_count,liability_AspCleave_count,liability_ProtTryp_count,liability_MetOx_count,liability_TrpOx_count,liability_HydroPatch_count,liability_UnpairedCys_count,liability_AspBridge_position,liability_AspBridge_length,liability_AspBridge_severity,liability_AspBridge_details,liability_AspBridge_positions,liability_AspBridge_num_positions,liability_AspBridge_global_details,liability_AspBridge_avg_severity,liability_MetOx_position,liability_MetOx_length,liability_MetOx_severity,liability_MetOx_details,liability_MetOx_positions,liability_MetOx_num_positions,liability_MetOx_global_details,liability_MetOx_avg_severity,liability_ProtTryp_position,liability_ProtTryp_length,liability_ProtTryp_severity,liability_ProtTryp_details,liability_ProtTryp_positions,liability_ProtTryp_num_positions,liability_ProtTryp_global_details,liability_ProtTryp_avg_severity,liability_DPP4_count,liability_DPP4_position,liability_DPP4_length,liability_DPP4_severity,liability_DPP4_details,liability_DPP4_positions,liability_DPP4_num_positions,liability_DPP4_global_details,liability_DPP4_avg_severity,liability_TrpOx_position,liability_TrpOx_length,liability_TrpOx_severity,liability_TrpOx_details,liability_TrpOx_positions,liability_TrpOx_num_positions,liability_TrpOx_global_details,liability_TrpOx_avg_severity,liability_HydroPatch_position,liability_HydroPatch_length,liability_HydroPatch_severity,liability_HydroPatch_details,liability_HydroPatch_positions,liability_HydroPatch_num_positions,liability_HydroPatch_global_details,liability_HydroPatch_avg_severity,liability_AspCleave_position,liability_AspCleave_length,liability_AspCleave_severity,liability_AspCleave_details,liability_AspCleave_positions,liability_AspCleave_num_positions,liability_AspCleave_global_details,liability_AspCleave_avg_severity,liability_NTCycl_count,liability_NTCycl_position,liability_NTCycl_length,liability_NTCycl_severity,liability_NTCycl_details,liability_NTCycl_positions,liability_NTCycl_num_positions,liability_NTCycl_global_details,liability_NTCycl_avg_severity,liability_UnpairedCys_positions,liability_UnpairedCys_num_positions,liability_UnpairedCys_global_details,liability_UnpairedCys_avg_severity,liability_violations_summary,native_rmsd,native_rmsd_bb,bindsite_under_3rmsd,bindsite_under_4rmsd,bindsite_under_5rmsd,bindsite_under_6rmsd,bindsite_under_7rmsd,bindsite_under_8rmsd,bindsite_under_9rmsd,native_rmsd_refolded,native_rmsd_bb_refolded,designfolding-bb_rmsd,designfolding-bb_rmsd_design,designfolding-bb_rmsd_target,designfolding-bb_rmsd_design_target,designfolding-bb_target_aligned_rmsd_design,designfolding-bb_rmsd<2.5,designfolding-bb_target_aligned<2.5,designfolding-bb_designability_rmsd_2,designfolding-bb_designability_rmsd_4,designfolding-ligand_iptm,designfolding-interaction_pae,designfolding-min_interaction_pae,designfolding-min_design_to_target_pae,designfolding-iptm,designfolding-ptm,designfolding-protein_iptm,designfolding-design_iptm,designfolding-design_iiptm,designfolding-design_to_target_iptm,designfolding-target_ptm,designfolding-design_ptm,designfolding-min_interaction_pae<1.5,designfolding-min_interaction_pae<2,designfolding-min_interaction_pae<2.5,designfolding-min_interaction_pae<3,designfolding-min_interaction_pae<4,designfolding-min_interaction_pae<5,designfolding-design_ptm>80,designfolding-design_ptm>75,designfolding-design_iptm>80,designfolding-design_iptm>70,designfolding-design_iptm>60,designfolding-design_iptm>50,bb_rmsd,bb_rmsd_design,bb_rmsd_target,bb_rmsd_design_target,bb_target_aligned_rmsd_design,bb_rmsd<2.5,bb_target_aligned<2.5,bb_designability_rmsd_2,bb_designability_rmsd_4,ligand_iptm,interaction_pae,min_interaction_pae,iptm,ptm,protein_iptm,design_iptm,design_iiptm,target_ptm,min_interaction_pae<1.5,min_interaction_pae<2,min_interaction_pae<2.5,min_interaction_pae<3,min_interaction_pae<4,min_interaction_pae<5,design_ptm>80,design_ptm>75,design_iptm>80,design_iptm>70,design_iptm>60,design_iptm>50,design_sasa_unbound_refolded,design_sasa_bound_refolded,plip_saltbridge_refolded,liability_details,filter_rmsd_design,neg_min_design_to_target_pae,neg_design_hydrophobicity,neg_design_largest_hydrophobic_patch_refolded,neg_min_interaction_pae,has_x,num_filters_passed,pass_has_x_filter,pass_filters,pass_filter_rmsd_filter,pass_filter_rmsd_design_filter,pass_designfolding-filter_rmsd_filter,pass_ALA_fraction_filter,pass_GLY_fraction_filter,pass_GLU_fraction_filter,pass_LEU_fraction_filter,pass_VAL_fraction_filter,rank_design_iiptm,rank_design_ptm,rank_neg_min_design_to_target_pae,rank_plip_hbonds_refolded,rank_plip_saltbridge_refolded,rank_delta_sasa_refolded,max_rank,secondary_rank,quality_score,sequence
Fcgr4_binder_design_13,1,SVTCTFAGEVSFTVTPGPDSGFTAGGTVTVVAHVTWIPRDPGAVTATPEVTISTTPAVLHSSGSYSVTSTLTVPASDVLSGKTFTCKVRISQLSSSDIVIVTFVFYQPETNSILTGGCVVISNLIVSKETALSHTFTCVVSHAGLPEPVSVSWDPSTGDVNISSSGLLIVLPPVVVGDKVVLTCVVKIPAEHADSPVTVTFLANGQPLEGATTTIT,SVTCTFPKDTLMISRTPAGEVSFTVTPGPDSGFTAGGTVTVVAHVTWIPRDPGAVTATPEVTISWYVDGVEVHNAKTTPAVLHSSGSYSVTSTLTVPASDVLSGKTFTCKVRISQLSSSDIVIVTFVFYQPETNSILTGGCVTVLHQDWLNGKEYVISNLIVSKETALSHTFTCVVSHAGLPEPVSVSWDPSTGDVNISSSGLLIVLPPVVVGDKVVLTCVVKIPAEHADSPVTVTFLANGQPLEGATTTITTISKAKGQPREPQVYTLPPSRDELTKNQVSLTCLVKGFYPSDIAVEWESNGQPENNYKTTPPVLDSDGSFFLYSKLTVDKSRWQQGNVFSCSVMHEALHNHYTQKSLSL,216,0.2269,16.04316,0.55547,8.61625,5.52128,20,2107.06055,2008.41846,56.5114,57.5365,0.38889,0.08333,0.52778,Fcgr4_binder_design_13.cif,544,0,544.0,544.0,0.0,0.07407,0.06019,0.02315,0.125,0.07407,0.14815,0.16204,0.05556,0.01852,0.03704,0.06481,0.0,0.01389,0.03241,0.02315,0.02315,0.03704,0.00926,0.00926,0.00926,535,59,48,11,0,0,0,0,0,0,0,7.0,-1,0,0,,74-302,6,,10.0,-1,0,0,,12-346,2,,5.0,-1,0,0,,8-357,22,,10.0,0,-1,0,0,,,0,,0.0,-1,0,0,,47-335,6,,10.0,-1,0,0,,65-322,9,,5.0,-1,0,0,,30-319,7,,10.0,0,-1,0,0,,,0,,0.0,4-343,7.0,,10.0,"AspBridgex6(pos74-302,sev10); AspCleavex7(pos30-319,sev10); ProtTrypx22(pos8-357,sev10); MetOxx2(pos12-346,sev5); TrpOxx6(pos47-335,sev10); HydroPatchx9(pos65-322,sev5); UnpairedCysx7(pos4-343,sev10)",0.0,0.0,0.0,0.0,0.01333,0.10667,0.14667,0.21333,0.28,0.0,0.0,5.52128,5.52128,,,,False,False,False,False,0.0,0.0,100000.25,100000.25,0.0,0.49745,0.0,0.0,0.0,0.0,0.0,0.49745,False,False,False,False,False,False,False,False,False,False,False,False,8.61625,2.37856,1.30508,36.85432,36.85432,False,False,False,True,0.0,25.2317,15.55083,0.23198,0.43835,0.23198,0.23198,0.0,0.76456,False,False,False,False,False,False,False,False,False,False,False,False,18976.01562,16868.95508,7,,2.37856,-16.04316,-57.5365,-2008.41846,-15.55083,False,1,True,False,False,True,False,True,True,True,True,True,1.0,13.0,5.0,4.5,0.5,16.5,16.5,1,1.0,SVTCTFAGEVSFTVTPGPDSGFTAGGTVTVVAHVTWIPRDPGAVTATPEVTISTTPAVLHSSGSYSVTSTLTVPASDVLSGKTFTCKVRISQLSSSDIVIVTFVFYQPETNSILTGGCVVISNLIVSKETALSHTFTCVVSHAGLPEPVSVSWDPSTGDVNISSSGLLIVLPPVVVGDKVVLTCVVKIPAEHADSPVTVTFLANGQPLEGATTTIT
Fcgr4_binder_design_07,2,SAVSITVSSTLRISCKVSGITTAEFKNSVIYWVLQPPGQGPNFLGAINPGDGTTYLTADTSTTTAYLELSNATIEDAGTYTCALEHNGNVLAVGSVTVNPLTGTFTSYTAPPLPRTLPPGATVVTITATVTPSPGARQYVVCKVTNFFPESVTVTWYVNGVRIGEAGSDGYVVSVSSYRGRVYGVIASAANLLPDGTYSLDSILVSSGTVTSSDTFSC,SAVSITVSPKDTLMISRTPSTLRISCKVSGITTAEFKNSVIYWVLQPPGQGPNFLGAINPGDGTTYWYVDGVEVHNAKLTADTSTTTAYLELSNATIEDAGTYTCALEHNGNVLAVGSVTVNPLTGTFTSYTAPPLPRTLPPGATVVTITVLHQDWLNGKEYTATVTPSPGARQYVVCKVTNFFPESVTVTWYVNGVRIGEAGSDGYVVSVSSYRGRVYGVIASAANLLPDGTYSLDSILVSSGTVTSSDTFSCTISKAKGQPREPQVYTLPPSRDELTKNQVSLTCLVKGFYPSDIAVEWESNGQPENNYKTTPPVLDSDGSFFLYSKLTVDKSRWQQGNVFSCSVMHEALHNHYTQKSLSL,218,0.20365,18.87167,0.49145,15.93731,5.70527,21,2651.55664,1312.08679,54.3835,54.048,0.42661,0.0367,0.5367,Fcgr4_binder_design_07.cif,546,0,546.0,546.0,0.0,0.09174,0.07798,0.01835,0.11468,0.06422,0.14679,0.11927,0.04587,0.04587,0.03211,0.06881,0.0,0.01376,0.02752,0.01376,0.00459,0.02752,0.02752,0.05046,0.00917,495,54,45,9,0,0,0,0,0,0,0,,-1,0,0,,38-304,8,,10.0,-1,0,0,,14-348,2,,5.0,-1,0,0,,10-359,24,,10.0,0,-1,0,0,,,0,,0.0,-1,0,0,,43-337,6,,10.0,-1,0,0,,40-324,7,,5.0,-1,0,0,,62-321,7,,10.0,0,-1,0,0,,,0,,0.0,,,,,"AspBridgex8(pos38-304,sev10); AspCleavex7(pos62-321,sev10); ProtTrypx24(pos10-359,sev10); MetOxx2(pos14-348,sev5); TrpOxx6(pos43-337,sev10); HydroPatchx7(pos40-324,sev5)",0.0,0.0,0.0,0.0,0.0,0.13333,0.2,0.25333,0.33333,0.0,0.0,5.70527,5.70527,,,,False,False,False,False,0.0,0.0,100000.25,100000.25,0.0,0.40462,0.0,0.0,0.0,0.0,0.0,0.40462,False,False,False,False,False,False,False,False,False,False,False,False,15.93731,3.17668,0.96533,31.06673,31.06673,False,False,False,True,0.0,25.90674,18.87167,0.20365,0.38472,0.20365,0.20365,0.0,0.74968,False,False,False,False,False,False,False,False,False,False,False,False,18920.63281,16269.07617,2,,3.17668,-18.87167,-54.048,-1312.08679,-18.87167,False,1,True,False,False,False,False,True,True,True,True,True,1.0,17.0,11.0,4.0,17.0,8.5,17.0,2,0.9830508474576272,SAVSITVSSTLRISCKVSGITTAEFKNSVIYWVLQPPGQGPNFLGAINPGDGTTYLTADTSTTTAYLELSNATIEDAGTYTCALEHNGNVLAVGSVTVNPLTGTFTSYTAPPLPRTLPPGATVVTITATVTPSPGARQYVVCKVTNFFPESVTVTWYVNGVRIGEAGSDGYVVSVSSYRGRVYGVIASAANLLPDGTYSLDSILVSSGTVTSSDTFSC
Fcgr4_binder_design_19,3,MPRLVVVLAVSVLRLNVAALVVPEEAVRSGHTFQIKCVVEGFTEDTEVKVKEEVRKNSDGTYEVVSTLTISSEDILAGKCYKCVVEVGSGEVDPKVTVQFLVDGVEVKSGQVVHGHPFAVATATFVFTVSALVVSKETFENNTFTCVFSNSGIEPITLTLSSTPGEVVQKGNAVAQVSLLHPDGTRVIVCVVGVPAEKTKEPIKVTWLVNGVPVTNYVTRTC,MPRLVVVLAVSVLPKDTLMISRTPRLNVAALVVPEEAVRSGHTFQIKCVVEGFTEDTEVKVKWYVDGVEVHNAKEEVRKNSDGTYEVVSTLTISSEDILAGKCYKCVVEVGSGEVDPKVTVQFLVDGVEVKSGQVVHGHPFAVATATFTVLHQDWLNGKEYVFTVSALVVSKETFENNTFTCVFSNSGIEPITLTLSSTPGEVVQKGNAVAQVSLLHPDGTRVIVCVVGVPAEKTKEPIKVTWLVNGVPVTNYVTRTCTISKAKGQPREPQVYTLPPSRDELTKNQVSLTCLVKGFYPSDIAVEWESNGQPENNYKTTPPVLDSDGSFFLYSKLTVDKSRWQQGNVFSCSVMHEALHNHYTQKSLSL,222,0.18356,20.9888,0.57325,20.96577,8.63762,16,2041.84375,2911.54761,55.5275,55.8873,0.32883,0.09009,0.58108,Fcgr4_binder_design_19.cif,550,0,550.0,550.0,0.0,0.06757,0.05405,0.02703,0.06757,0.04505,0.0991,0.21171,0.03153,0.03604,0.02703,0.06306,0.0045,0.02252,0.08108,0.05856,0.01802,0.04054,0.02703,0.01351,0.0045,600,66,54,12,0,0,0,0,0,0,0,,-1,0,0,,72-308,8,,10.0,-1,0,0,,1-352,3,,5.0,-1,0,0,,3-363,34,,10.0,0,-1,0,0,,,0,,0.0,-1,0,0,,63-341,5,,10.0,-1,0,0,,4-328,9,,5.0,-1,0,0,,66-325,7,,10.0,0,-1,0,0,,,0,,0.0,,,,,"AspBridgex8(pos72-308,sev10); AspCleavex7(pos66-325,sev10); ProtTrypx34(pos3-363,sev10); MetOxx3(pos1-352,sev5); TrpOxx5(pos63-341,sev10); HydroPatchx9(pos4-328,sev5)",0.0,0.0,0.0,0.0,0.04,0.09333,0.13333,0.14667,0.2,0.0,0.0,8.63762,8.63762,,,,False,False,False,False,0.0,0.0,100000.25,100000.25,0.0,0.50101,0.0,0.0,0.0,0.0,0.0,0.50101,False,False,False,False,False,False,False,False,False,False,False,False,20.96577,1.30959,0.4432,42.60513,42.60513,False,False,True,True,0.0,27.21789,20.9888,0.17548,0.43675,0.17548,0.17548,0.0,0.75417,False,False,False,False,False,False,False,False,False,False,False,False,19168.07422,17126.23047,6,,1.30959,-20.9888,-55.8873,-2911.54761,-20.9888,False,1,True,False,False,True,False,True,True,True,True,False,1.0,12.0,17.0,11.5,2.0,18.0,18.0,3,0.9661016949152542,MPRLVVVLAVSVLRLNVAALVVPEEAVRSGHTFQIKCVVEGFTEDTEVKVKEEVRKNSDGTYEVVSTLTISSEDILAGKCYKCVVEVGSGEVDPKVTVQFLVDGVEVKSGQVVHGHPFAVATATFVFTVSALVVSKETFENNTFTCVFSNSGIEPITLTLSSTPGEVVQKGNAVAQVSLLHPDGTRVIVCVVGVPAEKTKEPIKVTWLVNGVPVTNYVTRTC
Fcgr4_denovo_design_1,4,SSVSSTDNISGETYCAVSTSPLSSGKSYHNKYSSGKSY,EVQLVESGGGLVQPGGSLRLSCAASSSVSSTDNMAWFRQAPGQEREFVAGISGETLYADSVRGRFTNSRDNSKNTLYLQMNSLRAEDTAVYYCAVSTSPLSSGKYCSYHNKYSSGKSYWGQGTLVTVSS,38,0.21496,15.94727,0.71284,11.6784,3.41122,17,1921.66992,351.13589,43.031,24.9768,0.78947,0.13158,0.07895,Fcgr4_denovo_design_1.cif,312,0,312.0,312.0,0.0,0.07895,0.02632,0.02632,0.34211,0.02632,0.07895,0.05263,0.02632,0.05263,0.02632,0.02632,0.0,0.0,0.02632,0.07895,0.02632,0.0,0.0,0.10526,0.0,220,24,20,4,0,0,0,0,0,0,0,3.0,-1,0,0,,67-81,3,,10.0,-1,0,0,,34-80,2,,5.0,-1,0,0,,19-116,11,,10.0,0,-1,0,0,,,0,,0.0,-1,0,0,,36-119,2,,10.0,-1,0,0,,76-90,2,,5.0,59,2,10,,,0,,0.0,0,-1,0,0,,,0,,0.0,22-106,3.0,,10.0,"AspBridgex3(pos67-81,sev10); AspCleave(pos59,sev10); ProtTrypx11(pos19-116,sev10); MetOxx2(pos34-80,sev5); TrpOxx2(pos36-119,sev10); HydroPatchx2(pos76-90,sev5); UnpairedCysx3(pos22-106,sev10)",0.0,0.0,,,,,,,,0.0,0.0,3.41122,3.41122,,,,False,False,False,True,0.0,0.0,100000.25,100000.25,0.0,0.68134,0.0,0.0,0.0,0.0,0.0,0.68134,False,False,False,False,False,False,False,False,False,False,False,False,11.6784,5.74516,1.92794,27.40187,27.40187,False,False,False,False,0.0,24.16343,15.84849,0.17216,0.43658,0.17216,0.17216,0.0,0.64627,False,False,False,False,False,False,False,False,False,False,False,False,15677.60938,13755.93945,1,,5.74516,-15.94727,-24.9768,-351.13589,-15.84849,False,1,True,False,False,False,False,True,True,True,True,True,1.0,8.0,4.0,9.0,20.5,19.0,20.5,4,0.9491525423728814,SSVSSTDNISGETYCAVSTSPLSSGKSYHNKYSSGKSY
Fcgr4_binder_design_33,5,GTGYTAGAGVGVVGPSVVGCGGAAVGGGGDRGAAAAAAKAAAGTATVKVGKGVGAGQGGGDGLAAEGVGEVEEGEVGAAAAAGVAGGAAAVAAGALPTGAFGGAGAAGVGAVLTCKVTVTGTPGTATGPAGVGVGVVSGGVEGVVVGGGTAPTAGGAAAAGAAAAAAAGGVGGGGAAAGADGGDGGGAGVTGLPDGSLRVGTEAVA,GTGYTAGAGVGVVGPSPKDTLMISRTPVVGCGGAAVGGGGDRGAAAAAAKAAAGTATVKWYVDGVEVHNAKVGKGVGAGQGGGDGLAAEGVGEVEEGEVGAAAAAGVAGGAAAVAAGALPTGAFGGAGAAGVGAVLTVLHQDWLNGKEYTCKVTVTGTPGTATGPAGVGVGVVSGGVEGVVVGGGTAPTAGGAAAAGAAAAAAAGGVGGGGAAAGADGGDGGGAGVTGLPDGSLRVGTEAVATISKAKGQPREPQVYTLPPSRDELTKNQVSLTCLVKGFYPSDIAVEWESNGQPENNYKTTPPVLDSDGSFFLYSKLTVDKSRWQQGNVFSCSVMHEALHNHYTQKSLSL,206,0.17067,18.45187,0.46054,20.49755,11.75602,13,2360.375,2664.7041,41.3946,34.3755,0.32524,0.21359,0.46117,Fcgr4_binder_design_33.cif,534,0,534.0,534.0,0.0,0.3301,0.27184,0.00971,0.01456,0.02913,0.07282,0.14563,0.0,0.0,0.02427,0.02427,0.0,0.00485,0.03398,0.01942,0.0,0.00485,0.00971,0.00485,0.0,385,41,36,5,0,0,0,0,0,0,0,,-1,0,0,,69-292,4,,10.0,-1,0,0,,22-336,2,,5.0,-1,0,0,,18-347,21,,10.0,0,-1,0,0,,,0,,0.0,-1,0,0,,60-325,4,,10.0,-1,0,0,,60-312,3,,5.0,-1,0,0,,63-309,7,,10.0,0,-1,0,0,,,0,,0.0,,,,,"AspBridgex4(pos69-292,sev10); AspCleavex7(pos63-309,sev10); ProtTrypx21(pos18-347,sev10); MetOxx2(pos22-336,sev5); TrpOxx4(pos60-325,sev10); HydroPatchx3(pos60-312,sev5)",0.0,0.0,0.33333,0.50667,0.61333,0.72,0.8,0.84,0.85333,0.0,0.0,11.75602,11.75602,,,,False,False,False,False,0.0,0.0,100000.25,100000.25,0.0,0.42008,0.0,0.0,0.0,0.0,0.0,0.42008,False,False,False,False,False,False,False,False,False,False,False,False,20.49755,11.03982,3.17881,22.69502,22.69502,False,False,False,False,0.0,26.36151,18.45187,0.16297,0.36473,0.16297,0.16297,0.0,0.76167,False,False,False,False,False,False,False,False,False,False,False,False,18017.30469,15656.92969,1,,11.03982,-18.45187,-34.3755,-2664.7041,-18.45187,False,1,True,False,False,False,False,False,False,True,True,True,1.0,19.0,10.0,19.0,20.5,12.0,20.5,4,0.9322033898305084,GTGYTAGAGVGVVGPSVVGCGGAAVGGGGDRGAAAAAAKAAAGTATVKVGKGVGAGQGGGDGLAAEGVGEVEEGEVGAAAAAGVAGGAAAVAAGALPTGAFGGAGAAGVGAVLTCKVTVTGTPGTATGPAGVGVGVVSGGVEGVVVGGGTAPTAGGAAAAGAAAAAAAGGVGGGGAAAGADGGDGGGAGVTGLPDGSLRVGTEAVA
Fcgr4_denovo_design_4,6,SGVFTDYYSYGGGIAGETPASPETGGGVGRYGVGTPDY,EVQLVESGGGLVQPGGSLRLSCAASSGVFTDYYSMAWFRQAPGQEREYGGGFVAGIAGETLYADSVRGRFTNSRDNSKNTLYLQMNSLRAEPASPETGGDTAVYYCGVGRYGVGTPDYWGQGTLVTVSS,38,0.16295,18.28606,0.73126,10.13356,3.44193,14,1817.55566,436.63431,46.5022,34.5856,0.89474,0.0,0.10526,Fcgr4_denovo_design_4.cif,312,0,312.0,312.0,0.0,0.28947,0.05263,0.0,0.07895,0.07895,0.10526,0.07895,0.02632,0.0,0.05263,0.0,0.0,0.0,0.05263,0.0,0.0,0.02632,0.02632,0.13158,0.0,170,19,15,4,0,0,0,0,0,0,0,,-1,0,0,,72-86,3,,10.0,-1,0,0,,35-85,2,,5.0,-1,0,0,,19-110,9,,10.0,0,-1,0,0,,,0,,0.0,-1,0,0,,37-119,2,,10.0,-1,0,0,,81-103,2,,5.0,64,2,10,,,0,,0.0,0,-1,0,0,,,0,,0.0,,,,,"AspBridgex3(pos72-86,sev10); AspCleave(pos64,sev10); ProtTrypx9(pos19-110,sev10); MetOxx2(pos35-85,sev5); TrpOxx2(pos37-119,sev10); HydroPatchx2(pos81-103,sev5)",0.0,0.0,,,,,,,,0.0,0.0,3.44193,3.44193,,,,False,False,False,True,0.0,0.0,100000.25,100000.25,0.0,0.68476,0.0,0.0,0.0,0.0,0.0,0.68476,False,False,False,False,False,False,False,False,False,False,False,False,10.13356,5.11223,2.74419,23.29911,23.29911,False,False,False,False,0.0,25.07606,17.87685,0.15193,0.43435,0.15193,0.15193,0.0,0.65662,False,False,False,False,False,False,False,False,False,False,False,False,15014.03711,13196.48145,2,,5.11223,-18.28606,-34.5856,-436.63431,-17.87685,False,1,True,False,False,False,False,True,False,True,True,True,1.0,3.0,9.0,15.5,17.0,20.5,20.5,4,0.9152542372881356,SGVFTDYYSYGGGIAGETPASPETGGGVGRYGVGTPDY
Fcgr4_binder_design_01,7,SGTATLSALSCTVSGFDISSCNVTWHLFRQVGRFRGEFLLSANSSSGKTITRDDSKNTVTLTLNNVTSEDDGVYYCSLSIPGHPVDYWGSGVKVTSSGSTSSSSVGIPSQSTPPATASITVTVNANISSSTYVNVVLQTSSGELLGIGSINPATGETNKAPRSGTSISVDPSTNVVSVKVTIDLSLEELLKDEITFTVLVYGGTTPGTVVV,SGTATLSAPKDTLMISRTPLSCTVSGFDISSCNVTWHLFRQVGRFRGEFLLSANSSSGKWYVDGVEVHNAKTITRDDSKNTVTLTLNNVTSEDDGVYYCSLSIPGHPVDYWGSGVKVTSSGSTSSSSVGIPSQSTPPATASITVLHQDWLNGKEYTVTVNANISSSTYVNVVLQTSSGELLGIGSINPATGETNKAPRSGTSISVDPSTNVVSVKVTIDLSLEELLKDEITFTVLVYGGTTPGTVVVTISKAKGQPREPQVYTLPPSRDELTKNQVSLTCLVKGFYPSDIAVEWESNGQPENNYKTTPPVLDSDGSFFLYSKLTVDKSRWQQGNVFSCSVMHEALHNHYTQKSLSL,211,0.15165,21.61412,0.43772,25.63539,17.64984,12,2395.52148,1821.70142,52.2305,50.5247,0.43128,0.04739,0.52133,Fcgr4_binder_design_01.cif,539,0,539.0,539.0,0.0,0.09005,0.03791,0.01422,0.17536,0.04265,0.1327,0.11848,0.05213,0.05213,0.04265,0.07583,0.0,0.01422,0.03318,0.02844,0.00948,0.0237,0.0237,0.0237,0.00948,535,58,49,9,0,0,0,0,0,0,0,5.0,-1,0,0,,54-297,6,,10.0,-1,0,0,,14-341,2,,5.0,-1,0,0,,10-352,26,,10.0,0,-1,0,0,,,0,,0.0,-1,0,0,,36-330,6,,10.0,-1,0,0,,49-317,7,,5.0,-1,0,0,,63-314,6,,10.0,0,-1,0,0,,,0,,0.0,22-338,5.0,,10.0,"AspBridgex6(pos54-297,sev10); AspCleavex6(pos63-314,sev10); ProtTrypx26(pos10-352,sev10); MetOxx2(pos14-341,sev5); TrpOxx6(pos36-330,sev10); HydroPatchx7(pos49-317,sev5); UnpairedCysx5(pos22-338,sev10)",0.0,0.0,0.0,0.0,0.13333,0.18667,0.29333,0.36,0.50667,0.0,0.0,17.64984,17.64984,,,,False,False,False,False,0.0,0.0,100000.25,100000.25,0.0,0.32893,0.0,0.0,0.0,0.0,0.0,0.32893,False,False,False,False,False,False,False,False,False,False,False,False,25.63539,14.89353,1.1609,54.0175,54.0175,False,False,False,False,0.0,27.51096,16.60299,0.21136,0.36882,0.21136,0.21136,0.0,0.76613,False,False,False,False,False,False,False,False,False,False,False,False,19961.80664,17566.28516,5,,14.89353,-21.61412,-50.5247,-1821.70142,-16.60299,False,1,True,False,False,False,False,True,True,True,True,True,1.0,23.0,22.0,22.0,5.0,11.0,23.0,5,0.8983050847457628,SGTATLSALSCTVSGFDISSCNVTWHLFRQVGRFRGEFLLSANSSSGKTITRDDSKNTVTLTLNNVTSEDDGVYYCSLSIPGHPVDYWGSGVKVTSSGSTSSSSVGIPSQSTPPATASITVTVNANISSSTYVNVVLQTSSGELLGIGSINPATGETNKAPRSGTSISVDPSTNVVSVKVTIDLSLEELLKDEITFTVLVYGGTTPGTVVV
Fcgr4_denovo_design_7,8,SQSLGGIGGSTAASTYVGYGGFGVGDAAGDALFPY,EVQLVESGGGLVQPGGSLRLSCAASQSLGGMGWFRQAPGKGRELVAAIGGSTYYPDSVEGRFTISRDNAKRMVYLQMNSLRAEDTAVYYCAASTYVGYGGFGVGDAAGDALFPYWGQGTQVTVSS,35,0.22328,15.49647,0.72697,11.03997,2.70955,16,1503.12598,514.43671,48.7027,39.0612,0.74286,0.2,0.05714,Fcgr4_denovo_design_7.cif,308,0,308.0,308.0,0.0,0.28571,0.14286,0.0,0.11429,0.02857,0.05714,0.05714,0.02857,0.0,0.05714,0.05714,0.0,0.02857,0.0,0.0,0.0,0.05714,0.0,0.08571,0.0,165,19,14,5,0,0,0,0,0,0,0,,-1,0,0,,68-78,2,,10.0,-1,0,0,,31-77,3,,5.0,-1,0,0,,19-81,9,,10.0,0,-1,0,0,,,0,,0.0,-1,0,0,,33-115,2,,10.0,-1,0,0,,73-87,2,,5.0,56,2,10,,,0,,0.0,0,-1,0,0,,,0,,0.0,,,,,"AspBridgex2(pos68-78,sev10); AspCleave(pos56,sev10); ProtTrypx9(pos19-81,sev10); MetOxx3(pos31-77,sev5); TrpOxx2(pos33-115,sev10); HydroPatchx2(pos73-87,sev5)",0.0,0.0,,,,,,,,0.0,0.0,2.70955,2.70955,,,,False,False,False,True,0.0,0.0,100000.25,100000.25,0.0,0.70691,0.0,0.0,0.0,0.0,0.0,0.70691,False,False,False,False,False,False,False,False,False,False,False,False,11.03997,3.45977,2.10576,17.10283,17.10283,False,False,False,True,0.0,22.53424,15.49647,0.17115,0.44873,0.17115,0.17115,0.0,0.63834,False,False,False,False,False,False,False,False,False,False,False,False,15020.87598,13517.75,1,,3.45977,-15.49647,-39.0612,-514.43671,-15.49647,False,1,True,False,False,False,False,True,False,True,True,True,1.0,4.0,2.0,11.5,20.5,24.0,24.0,6,0.8813559322033898,SQSLGGIGGSTAASTYVGYGGFGVGDAAGDALFPY
Fcgr4_denovo_design_5,9,SGDTDAAGPGGIGNETAGPGGGAAGGCGSHEGSYDY,EVQLVESGGGLVQPGGSLRLSCAASGDTDAAMGWFRQAPGKGRELVAGPGGAIGNETYYPDSVEGRFTISRDNAKRMVYLQMNSLRAEDTAGPGGGAVYYCAAGGCGSHEGSYDYWGQGTQVTVSS,36,0.20726,15.67021,0.72287,9.93847,2.42815,12,1454.41406,518.28839,40.7649,17.4581,0.80556,0.08333,0.11111,Fcgr4_denovo_design_5.cif,309,0,309.0,309.0,0.0,0.36111,0.13889,0.02778,0.08333,0.05556,0.05556,0.0,0.02778,0.02778,0.08333,0.0,0.0,0.0,0.05556,0.0,0.02778,0.0,0.0,0.05556,0.0,195,22,17,5,0,0,0,0,0,0,0,3.0,-1,0,0,,73-83,2,,10.0,-1,0,0,,32-82,3,,5.0,-1,0,0,,19-86,9,,10.0,0,-1,0,0,,,0,,0.0,-1,0,0,,34-116,2,,10.0,-1,0,0,,78-98,2,,5.0,61,2,10,,,0,,0.0,0,-1,0,0,,,0,,0.0,22-106,3.0,,10.0,"AspBridgex2(pos73-83,sev10); AspCleave(pos61,sev10); ProtTrypx9(pos19-86,sev10); MetOxx3(pos32-82,sev5); TrpOxx2(pos34-116,sev10); HydroPatchx2(pos78-98,sev5); UnpairedCysx3(pos22-106,sev10)",0.0,0.0,,,,,,,,0.0,0.0,2.42815,2.42815,,,,True,False,False,True,0.0,0.0,100000.25,100000.25,0.0,0.73321,0.0,0.0,0.0,0.0,0.0,0.73321,False,False,False,False,False,False,False,False,False,False,False,False,9.93847,3.36162,2.14701,23.16938,23.16938,False,False,False,True,0.0,23.31317,15.67021,0.17752,0.46465,0.17752,0.17752,0.0,0.67998,False,False,False,False,False,False,False,False,False,False,False,False,15002.57812,13548.16406,1,,3.36162,-15.67021,-17.4581,-518.28839,-15.67021,False,1,True,False,False,False,True,True,False,True,True,True,1.0,6.0,3.0,22.0,20.5,25.0,25.0,7,0.864406779661017,SGDTDAAGPGGIGNETAGPGGGAAGGCGSHEGSYDY
Fcgr4_denovo_design_0,10,SGVTSNTAIDNVTGGSGGMAVGSVTSLVPDY,EVQLVESGGGLVQPGGSLRLSCAASSGVTSNTAMAWFRQAPGQEREFVAGIDNVTLYADSVRGRFTNSRDNSKNTLYLQMNSLRAEDTAVYGGSGGMYCAVGSVTSLVPDYWGQGTLVTVSS,31,0.161,17.80532,0.71492,8.58426,2.50294,16,1441.54785,789.35663,47.0094,33.9919,1.0,0.0,0.0,Fcgr4_denovo_design_0.cif,305,0,305.0,305.0,0.0,0.19355,0.06452,0.0,0.16129,0.03226,0.12903,0.16129,0.03226,0.06452,0.06452,0.03226,0.03226,0.0,0.0,0.0,0.0,0.0,0.0,0.03226,0.0,160,18,14,4,0,0,0,0,0,0,0,,-1,0,0,,67-81,3,,10.0,-1,0,0,,34-97,3,,5.0,-1,0,0,,19-84,8,,10.0,0,-1,0,0,,,0,,0.0,-1,0,0,,36-112,2,,10.0,76,3,5,,,0,,0.0,59,2,10,,,0,,0.0,0,-1,0,0,,,0,,0.0,,,,,"AspBridgex3(pos67-81,sev10); AspCleave(pos59,sev10); ProtTrypx8(pos19-84,sev10); MetOxx3(pos34-97,sev5); TrpOxx2(pos36-112,sev10); HydroPatch(pos76,sev5)",0.0,0.0,,,,,,,,0.0,0.0,2.50294,2.50294,,,,False,False,False,True,0.0,0.0,100000.25,100000.25,0.0,0.7287,0.0,0.0,0.0,0.0,0.0,0.7287,False,False,False,False,False,False,False,False,False,False,False,False,8.58426,5.61919,2.1151,23.58809,23.58809,False,False,False,False,0.0,25.36369,17.04013,0.14667,0.42557,0.14667,0.14667,0.0,0.62835,False,False,False,False,False,False,False,False,False,False,False,False,15363.11328,13921.56543,1,,5.61919,-17.80532,-33.9919,-789.35663,-17.04013,False,1,True,False,False,False,False,True,True,True,True,True,1.0,7.0,8.0,11.5,20.5,26.0,26.0,8,0.847457627118644,SGVTSNTAIDNVTGGSGGMAVGSVTSLVPDY
Fcgr4_binder_design_44,11,GVVVCGVGTQEGGEGVSVKVTGVVVEAVGVVVTVTVGSGEPTVNVTITEEKVHGGVVVDDNGNVVGVLGEKGSGGVYVGAGVVVVEVVVVVVIVGTGGASGMARAGSGVVSSLKCRVTGTVPSGSSVSVIAGHRGGGGGVTRLFVDGVEVATGVVVVGVARGTPQAEGVVGGAVGVGGGDKDGNGGGGGAAAGVGGDVFNAGHVITA,GPKDTLMISRTPVVVCGVGTQEGGEGVSVKVTGVVVEAVGVVVTVTVGSGEPTVNVTITWYVDGVEVHNAKEEKVHGGVVVDDNGNVVGVLGEKGSGGVYVGAGVVVVEVVVVVVIVGTGGASGMARAGSGVVSSLTVLHQDWLNGKEYKCRVTGTVPSGSSVSVIAGHRGGGGGVTRLFVDGVEVATGVVVVGVARGTPQAEGVVGGAVGVGGGDKDGNGGGGGAAAGVGGDVFNAGHVITATISKAKGQPREPQVYTLPPSRDELTKNQVSLTCLVKGFYPSDIAVEWESNGQPENNYKTTPPVLDSDGSFFLYSKLTVDKSRWQQGNVFSCSVMHEALHNHYTQKSLSL,207,0.15861,21.53007,0.41952,25.79203,21.30759,19,1812.24414,1580.86816,47.9254,43.2336,0.45411,0.09179,0.45411,Fcgr4_binder_design_44.cif,535,0,535.0,535.0,0.0,0.2657,0.07246,0.00966,0.05314,0.01449,0.06763,0.28986,0.01932,0.02415,0.02899,0.01449,0.00483,0.00966,0.04831,0.02415,0.01449,0.00966,0.02415,0.00483,0.0,480,55,41,14,0,0,0,0,0,0,0,,-1,0,0,,69-293,7,,10.0,-1,0,0,,7-337,3,,5.0,-1,0,0,,3-348,25,,10.0,0,-1,0,0,,,0,,0.0,-1,0,0,,60-326,4,,10.0,-1,0,0,,13-313,11,,5.0,-1,0,0,,63-310,5,,10.0,0,-1,0,0,,,0,,0.0,,,,,"AspBridgex7(pos69-293,sev10); AspCleavex5(pos63-310,sev10); ProtTrypx25(pos3-348,sev10); MetOxx3(pos7-337,sev5); TrpOxx4(pos60-326,sev10); HydroPatchx11(pos13-313,sev5)",0.0,0.0,0.29333,0.4,0.46667,0.54667,0.6,0.65333,0.73333,0.0,0.0,21.30759,21.30759,,,,False,False,False,False,0.0,0.0,100000.25,100000.25,0.0,0.38608,0.0,0.0,0.0,0.0,0.0,0.38608,False,False,False,False,False,False,False,False,False,False,False,False,25.79203,11.71313,0.97412,47.71703,47.71703,False,False,False,False,0.0,27.58599,17.21755,0.1986,0.3636,0.1986,0.1986,0.0,0.73361,False,False,False,False,False,False,False,False,False,False,False,False,18246.88867,16434.64453,1,,11.71313,-21.53007,-43.2336,-1580.86816,-17.21755,False,1,True,False,False,False,False,True,False,True,True,False,1.0,26.0,21.0,5.0,20.5,21.0,26.0,8,0.8305084745762712,GVVVCGVGTQEGGEGVSVKVTGVVVEAVGVVVTVTVGSGEPTVNVTITEEKVHGGVVVDDNGNVVGVLGEKGSGGVYVGAGVVVVEVVVVVVIVGTGGASGMARAGSGVVSSLKCRVTGTVPSGSSVSVIAGHRGGGGGVTRLFVDGVEVATGVVVVGVARGTPQAEGVVGGAVGVGGGDKDGNGGGGGAAAGVGGDVFNAGHVITA
Fcgr4_denovo_design_8,12,GSSGYGGGPGSGSTYGGGGGAGVAGGGGGGGGQY,EVQLVESGGGLVQPGGSLRLSCAASGSSGYGMAWFRQAPGQEREFVAGGPGGSGSTLYADSVRGRFTNSRDNSKNTLYLQMNSLRAEDTAVYGGGGGAGYYCVAGGGGGGGGQYWGQGTLVTVSS,34,0.22034,14.07051,0.74246,13.68261,3.31917,14,1385.98926,367.47363,40.4401,11.6473,1.0,0.0,0.0,Fcgr4_denovo_design_8.cif,308,0,308.0,308.0,0.0,0.61765,0.05882,0.0,0.11765,0.02941,0.02941,0.02941,0.0,0.0,0.0,0.0,0.0,0.02941,0.0,0.0,0.0,0.0,0.0,0.08824,0.0,155,17,14,3,0,0,0,0,0,0,0,,-1,0,0,,68-82,3,,10.0,-1,0,0,,32-81,2,,5.0,-1,0,0,,19-85,8,,10.0,0,-1,0,0,,,0,,0.0,-1,0,0,,34-115,2,,10.0,77,3,5,,,0,,0.0,60,2,10,,,0,,0.0,0,-1,0,0,,,0,,0.0,,,,,"AspBridgex3(pos68-82,sev10); AspCleave(pos60,sev10); ProtTrypx8(pos19-85,sev10); MetOxx2(pos32-81,sev5); TrpOxx2(pos34-115,sev10); HydroPatch(pos77,sev5)",0.0,0.0,,,,,,,,0.0,0.0,3.31917,3.31917,,,,False,False,False,True,0.0,0.0,100000.25,100000.25,0.0,0.70151,0.0,0.0,0.0,0.0,0.0,0.70151,False,False,False,False,False,False,False,False,False,False,False,False,13.68261,7.7883,1.4549,29.00437,29.00437,False,False,False,False,0.0,24.26725,14.07051,0.1805,0.42311,0.1805,0.1805,0.0,0.61942,False,False,False,False,False,False,False,False,False,False,False,False,14979.95605,13593.9668,0,,7.7883,-14.07051,-11.6473,-367.47363,-14.07051,False,1,True,False,False,False,False,True,False,True,True,True,1.0,1.0,1.0,15.5,26.5,26.5,26.5,9,0.8135593220338984,GSSGYGGGPGSGSTYGGGGGAGVAGGGGGGGGQY
Fcgr4_denovo_design_9,13,GSVPANSYFTDNGGSTAGVGGGASGY,EVQLVESGGGLVQPGGSLRLSCAASGSVPANSYMAWYRQAPGKGRELVAGFTDNSYADSVKGRFTISRDNAKNTLYLQMNSLRPEDTAVYGGSTAGYCAVGGGASGYWGQGTLVTVSS,26,0.13415,19.64014,0.7239,15.82576,3.64964,10,1502.37695,850.79071,43.2948,25.3402,1.0,0.0,0.0,Fcgr4_denovo_design_9.cif,301,0,301.0,301.0,0.0,0.30769,0.11538,0.0,0.15385,0.03846,0.07692,0.07692,0.0,0.07692,0.03846,0.0,0.0,0.0,0.0,0.0,0.0,0.03846,0.0,0.07692,0.0,175,19,16,3,0,0,0,0,0,0,0,,-1,0,0,,31-80,4,,10.0,-1,0,0,,34-79,2,,5.0,-1,0,0,,19-83,9,,10.0,0,-1,0,0,,,0,,0.0,-1,0,0,,36-108,2,,10.0,75,3,5,,,0,,0.0,58,2,10,,,0,,0.0,0,-1,0,0,,,0,,0.0,,,,,"AspBridgex4(pos31-80,sev10); AspCleave(pos58,sev10); ProtTrypx9(pos19-83,sev10); MetOxx2(pos34-79,sev5); TrpOxx2(pos36-108,sev10); HydroPatch(pos75,sev5)",0.0,0.0,,,,,,,,0.0,0.0,3.64964,3.64964,,,,False,False,False,True,0.0,0.0,100000.25,100000.25,0.0,0.72192,0.0,0.0,0.0,0.0,0.0,0.72192,False,False,False,False,False,False,False,False,False,False,False,False,15.82576,6.29195,3.50761,37.82789,37.82789,False,False,False,False,0.0,26.07449,19.64014,0.1212,0.44242,0.1212,0.1212,0.0,0.66615,False,False,False,False,False,False,False,False,False,False,False,False,14361.32617,12858.94922,0,,6.29195,-19.64014,-25.3402,-850.79071,-19.64014,False,1,True,False,False,False,False,True,False,True,True,True,1.0,5.0,13.0,26.0,26.5,24.5,26.5,9,0.7966101694915254,GSVPANSYFTDNGGSTAGVGGGASGY
Fcgr4_binder_design_22,14,GTHPLEVIARPPSAEEIKQGTLTVTFVIKSLEENKGVASVEVRTSPPVELSDGSVEVKATLPNVDLSKVYEVVVEVTTGDGGYSLAVSTFHPSGLMKYSVSVSVHLTIVISGVDSKETVVTATLSASSRQTEAELVCLVEGFSPSDVQVEWQVDGQPVHGAKTTPPELQSDGSFRVRSVLTVPKSKTGKVYTCHVKHPALPTSGSVTI,GPKDTLMISRTPTHPLEVIARPPSAEEIKQGTLTVTFVIKSLEENKGVASVEVRWYVDGVEVHNAKTSPPVELSDGSVEVKATLPNVDLSKVYEVVVEVTTGDGGYSLAVSTFHPSGLMKYSVSVSVHLTVLHQDWLNGKEYTIVISGVDSKETVVTATLSASSRQTEAELVCLVEGFSPSDVQVEWQVDGQPVHGAKTTPPELQSDGSFRVRSVLTVPKSKTGKVYTCHVKHPALPTSGSVTITISKAKGQPREPQVYTLPPSRDELTKNQVSLTCLVKGFYPSDIAVEWESNGQPENNYKTTPPVLDSDGSFFLYSKLTVDKSRWQQGNVFSCSVMHEALHNHYTQKSLSL,208,0.15038,20.20414,0.40683,20.53221,14.78056,11,2054.92871,2739.93555,51.5897,49.4573,0.38942,0.05769,0.55288,Fcgr4_binder_design_22.cif,536,0,536.0,536.0,0.0,0.07212,0.04808,0.00962,0.125,0.06731,0.10096,0.16827,0.02885,0.00962,0.03365,0.07212,0.00481,0.02885,0.07692,0.05769,0.02885,0.01923,0.02404,0.01923,0.00481,530,57,49,8,0,0,0,0,0,0,0,,-1,0,0,,64-294,4,,10.0,-1,0,0,,7-338,3,,5.0,-1,0,0,,3-349,32,,10.0,0,-1,0,0,,,0,,0.0,-1,0,0,,55-327,5,,10.0,-1,0,0,,37-314,5,,5.0,-1,0,0,,58-311,8,,10.0,0,-1,0,0,,,0,,0.0,,,,,"AspBridgex4(pos64-294,sev10); AspCleavex8(pos58-311,sev10); ProtTrypx32(pos3-349,sev10); MetOxx3(pos7-338,sev5); TrpOxx5(pos55-327,sev10); HydroPatchx5(pos37-314,sev5)",0.0,0.0,0.0,0.0,0.02667,0.08,0.14667,0.25333,0.28,0.0,0.0,14.78056,14.78056,,,,False,False,False,False,0.0,0.0,100000.25,100000.25,0.0,0.34445,0.0,0.0,0.0,0.0,0.0,0.34445,False,False,False,False,False,False,False,False,False,False,False,False,20.53221,6.45783,1.42863,55.76264,55.76264,False,False,False,False,0.0,27.43885,18.12007,0.18385,0.35342,0.18385,0.18385,0.0,0.73186,False,False,False,False,False,False,False,False,False,False,False,False,18368.05859,16313.12988,3,,6.45783,-20.20414,-49.4573,-2739.93555,-18.12007,False,1,True,False,False,False,False,True,True,True,True,True,1.0,27.0,16.0,24.5,12.0,17.0,27.0,10,0.7796610169491526,GTHPLEVIARPPSAEEIKQGTLTVTFVIKSLEENKGVASVEVRTSPPVELSDGSVEVKATLPNVDLSKVYEVVVEVTTGDGGYSLAVSTFHPSGLMKYSVSVSVHLTIVISGVDSKETVVTATLSASSRQTEAELVCLVEGFSPSDVQVEWQVDGQPVHGAKTTPPELQSDGSFRVRSVLTVPKSKTGKVYTCHVKHPALPTSGSVTI
Fcgr4_binder_design_11,15,MINSTSLFGFSHPEFGRVDVIVKDVKPDRVVIVCVVSGFYPSDATVKVVTLVYHPDGSITVTTSDGSTDATAEKFELGDDIVYVATYTGEVTVTLTLTIPKSRKGEAHTVVVSALTCKVTVPNSGRVAASIFPSAIPSDKLTLTCLVNNVYPSDVTLTWLSDGEEVTQGVELTQPSLQSDGTFSVSSTLTVSREEYLAGKGFTCVVEIPLDTTQTPTVSL,MINPKDTLMISRTPSTSLFGFSHPEFGRVDVIVKDVKPDRVVIVCVVSGFYPSDATVKWYVDGVEVHNAKVVTLVYHPDGSITVTTSDGSTDATAEKFELGDDIVYVATYTGEVTVTLTLTIPKSRKGEAHTVVVSALTVLHQDWLNGKEYTCKVTVPNSGRVAASIFPSAIPSDKLTLTCLVNNVYPSDVTLTWLSDGEEVTQGVELTQPSLQSDGTFSVSSTLTVSREEYLAGKGFTCVVEIPLDTTQTPTVSLTISKAKGQPREPQVYTLPPSRDELTKNQVSLTCLVKGFYPSDIAVEWESNGQPENNYKTTPPVLDSDGSFFLYSKLTVDKSRWQQGNVFSCSVMHEALHNHYTQKSLSL,220,0.14969,21.9345,0.43265,29.40045,21.53526,23,2946.98047,3338.38867,55.6608,56.0965,0.38636,0.03636,0.57727,Fcgr4_binder_design_11.cif,548,0,548.0,548.0,0.0,0.06364,0.04545,0.01818,0.10455,0.05455,0.14091,0.15455,0.04091,0.01818,0.06364,0.07727,0.00455,0.01818,0.05,0.04091,0.01364,0.03636,0.02273,0.02727,0.00455,510,56,46,10,0,0,0,0,0,0,0,,-1,0,0,,68-306,5,,10.0,-1,0,0,,1-350,3,,5.0,-1,0,0,,5-361,29,,10.0,0,-1,0,0,,,0,,0.0,-1,0,0,,59-339,5,,10.0,-1,0,0,,31-326,7,,5.0,-1,0,0,,62-323,7,,10.0,0,-1,0,0,,,0,,0.0,,,,,"AspBridgex5(pos68-306,sev10); AspCleavex7(pos62-323,sev10); ProtTrypx29(pos5-361,sev10); MetOxx3(pos1-350,sev5); TrpOxx5(pos59-339,sev10); HydroPatchx7(pos31-326,sev5)",0.0,0.0,0.0,0.01333,0.04,0.08,0.09333,0.16,0.24,0.0,0.0,21.53526,21.53526,,,,False,False,False,False,0.0,0.0,100000.25,100000.25,0.0,0.37624,0.0,0.0,0.0,0.0,0.0,0.37624,False,False,False,False,False,False,False,False,False,False,False,False,29.40045,21.05062,0.68277,43.81099,43.81099,False,False,False,False,0.0,27.51998,18.53604,0.18346,0.35187,0.18346,0.18346,0.0,0.74998,False,False,False,False,False,False,False,False,False,False,False,False,19844.70312,16897.72266,6,,21.05062,-21.9345,-56.0965,-3338.38867,-18.53604,False,1,True,False,False,False,False,True,True,True,True,True,1.0,25.0,27.0,2.5,2.0,3.5,27.0,10,0.7627118644067796,MINSTSLFGFSHPEFGRVDVIVKDVKPDRVVIVCVVSGFYPSDATVKVVTLVYHPDGSITVTTSDGSTDATAEKFELGDDIVYVATYTGEVTVTLTLTIPKSRKGEAHTVVVSALTCKVTVPNSGRVAASIFPSAIPSDKLTLTCLVNNVYPSDVTLTWLSDGEEVTQGVELTQPSLQSDGTFSVSSTLTVSREEYLAGKGFTCVVEIPLDTTQTPTVSL
Fcgr4_binder_design_30,16,MNTAAVFAGVAGGLGVADSVAPGGQTVVACAAATAGDLTGEEVLARTTITVGAGAVQQLIVDPRTGGIQLSVSAGDLDTTLTVTGRAPKEQKNAVAAALRALKEGGKHGKYGGAAVGVLTCKVTVSGLPPGEGVAVAGAGGGVGTAGGGVTVTILVNGEEAGITGGGADEDGSGGGADARTGESTGVAGGGSGLKDGGVSAGGGAVLVTTGADAEANTITV,MNPKDTLMISRTPTAAVFAGVAGGLGVADSVAPGGQTVVACAAATAGDLTGEEVLARTTITWYVDGVEVHNAKVGAGAVQQLIVDPRTGGIQLSVSAGDLDTTLTVTGRAPKEQKNAVAAALRALKEGGKHGKYGGAAVGVLTVLHQDWLNGKEYTCKVTVSGLPPGEGVAVAGAGGGVGTAGGGVTVTILVNGEEAGITGGGADEDGSGGGADARTGESTGVAGGGSGLKDGGVSAGGGAVLVTTGADAEANTITVTISKAKGQPREPQVYTLPPSRDELTKNQVSLTCLVKGFYPSDIAVEWESNGQPENNYKTTPPVLDSDGSFFLYSKLTVDKSRWQQGNVFSCSVMHEALHNHYTQKSLSL,221,0.14966,21.98867,0.45632,24.87711,13.52675,27,2850.68164,2720.73096,45.4064,39.6325,0.33484,0.14932,0.51584,Fcgr4_binder_design_30.cif,549,0,549.0,549.0,0.0,0.23529,0.16742,0.00905,0.0362,0.02262,0.1086,0.1267,0.02715,0.0181,0.04525,0.06335,0.00452,0.02262,0.04525,0.03167,0.00452,0.00452,0.02262,0.00452,0.0,480,52,44,8,0,0,0,0,0,0,0,,-1,0,0,,71-307,6,,10.0,-1,0,0,,1-351,3,,5.0,-1,0,0,,4-362,27,,10.0,0,-1,0,0,,,0,,0.0,-1,0,0,,62-340,4,,10.0,-1,0,0,,62-327,5,,5.0,-1,0,0,,29-324,7,,10.0,0,-1,0,0,,,0,,0.0,,,,,"AspBridgex6(pos71-307,sev10); AspCleavex7(pos29-324,sev10); ProtTrypx27(pos4-362,sev10); MetOxx3(pos1-351,sev5); TrpOxx4(pos62-340,sev10); HydroPatchx5(pos62-327,sev5)",0.0,0.0,0.0,0.04,0.14667,0.24,0.32,0.42667,0.49333,0.0,0.0,13.52675,13.52675,,,,False,False,False,False,0.0,0.0,100000.25,100000.25,0.0,0.4523,0.0,0.0,0.0,0.0,0.0,0.4523,False,False,False,False,False,False,False,False,False,False,False,False,24.87711,10.39742,1.11963,38.44667,38.44667,False,False,False,False,0.0,27.50664,21.98867,0.1469,0.34896,0.1469,0.1469,0.0,0.73614,False,False,False,False,False,False,False,False,False,False,False,False,19859.74609,17009.06445,2,,10.39742,-21.98867,-39.6325,-2720.73096,-21.98867,False,1,True,False,False,False,False,True,False,True,True,True,1.0,20.0,28.0,0.5,17.0,5.5,28.0,11,0.7457627118644068,MNTAAVFAGVAGGLGVADSVAPGGQTVVACAAATAGDLTGEEVLARTTITVGAGAVQQLIVDPRTGGIQLSVSAGDLDTTLTVTGRAPKEQKNAVAAALRALKEGGKHGKYGGAAVGVLTCKVTVSGLPPGEGVAVAGAGGGVGTAGGGVTVTILVNGEEAGITGGGADEDGSGGGADARTGESTGVAGGGSGLKDGGVSAGGGAVLVTTGADAEANTITV
Fcgr4_binder_design_26,17,GVVGGSVVVVVVTATVVFGAGGALETPGDGSNCAGTWRLKAVGRVVSVGAGGHCGAGTGATTGGAGTATFDEETGAIVSEATCTVKPQAGPDQAAQCSVSVGVALTGVTVLDVIPLKNGVPTGVVYTCKITVDNDGNVTAKVFVNGQEQKGAKTGSLGDIVDGVIVGGAALEVTNPVSGKKCVLGCGVVGATAGAVAGG,GVVGGSPKDTLMISRTPVVVVVVTATVVFGAGGALETPGDGSNCAGTWRLKAVGRWYVDGVEVHNAKVVSVGAGGHCGAGTGATTGGAGTATFDEETGAIVSEATCTVKPQAGPDQAAQCSVSVGVALTVLHQDWLNGKEYTGVTVLDVIPLKNGVPTGVVYTCKITVDNDGNVTAKVFVNGQEQKGAKTGSLGDIVDGVIVGGAALEVTNPVSGKKCVLGCGVVGATAGAVAGGTISKAKGQPREPQVYTLPPSRDELTKNQVSLTCLVKGFYPSDIAVEWESNGQPENNYKTTPPVLDSDGSFFLYSKLTVDKSRWQQGNVFSCSVMHEALHNHYTQKSLSL,199,0.14471,21.65008,0.40257,21.82175,17.92598,12,2760.9707,3543.90942,47.7595,43.0008,0.39698,0.03518,0.56784,Fcgr4_binder_design_26.cif,527,0,527.0,527.0,0.0,0.20101,0.1206,0.03518,0.0402,0.03015,0.10553,0.19095,0.02513,0.03015,0.0402,0.0402,0.0,0.02513,0.03015,0.04523,0.00503,0.01508,0.01005,0.00503,0.00503,565,61,52,9,0,0,0,0,0,0,0,9.0,-1,0,0,,65-285,6,,10.0,-1,0,0,,12-329,2,,5.0,-1,0,0,,8-340,26,,10.0,0,-1,0,0,,,0,,0.0,-1,0,0,,48-318,5,,10.0,-1,0,0,,18-305,7,,5.0,-1,0,0,,40-302,6,,10.0,0,-1,0,0,,,0,,0.0,44-326,9.0,,10.0,"AspBridgex6(pos65-285,sev10); AspCleavex6(pos40-302,sev10); ProtTrypx26(pos8-340,sev10); MetOxx2(pos12-329,sev5); TrpOxx5(pos48-318,sev10); HydroPatchx7(pos18-305,sev5); UnpairedCysx9(pos44-326,sev10)",0.0,0.0,0.37333,0.53333,0.69333,0.77333,0.81333,0.84,0.90667,0.0,0.0,17.92598,17.92598,,,,False,False,False,False,0.0,0.0,100000.25,100000.25,0.0,0.36717,0.0,0.0,0.0,0.0,0.0,0.36717,False,False,False,False,False,False,False,False,False,False,False,False,21.82175,11.78817,1.14194,43.56923,43.56923,False,False,False,False,0.0,27.38539,21.256,0.14611,0.3519,0.14611,0.14611,0.0,0.75948,False,False,False,False,False,False,False,False,False,False,False,False,18345.89062,15584.91992,2,,11.78817,-21.65008,-43.0008,-3543.90942,-21.256,False,1,True,False,False,False,False,True,False,True,True,True,1.0,28.0,23.0,22.0,17.0,7.0,28.0,11,0.728813559322034,GVVGGSVVVVVVTATVVFGAGGALETPGDGSNCAGTWRLKAVGRVVSVGAGGHCGAGTGATTGGAGTATFDEETGAIVSEATCTVKPQAGPDQAAQCSVSVGVALTGVTVLDVIPLKNGVPTGVVYTCKITVDNDGNVTAKVFVNGQEQKGAKTGSLGDIVDGVIVGGAALEVTNPVSGKKCVLGCGVVGATAGAVAGG
Fcgr4_denovo_design_2,18,GTGTVTNGFDDGRGGTGGGGGGEVNGVTY,EVQLVESGGGLVQPGGSLRLSCAASGTGTVTNMAWYRQAPGKGRELVGAGFDDGSYADSVKGRFTISRDNAKNTLYLQMNSLRPEDTAVYRGGTGGGGGYCAGEVNGVTYWGQGTLVTVSS,29,0.17806,16.66012,0.70274,18.67226,2.27046,10,1239.23926,248.90089,41.8165,20.9811,0.82759,0.0,0.17241,Fcgr4_denovo_design_2.cif,304,0,304.0,304.0,0.0,0.44828,0.0,0.0,0.0,0.0,0.17241,0.10345,0.0,0.06897,0.06897,0.0,0.0,0.0,0.03448,0.0,0.0,0.03448,0.03448,0.03448,0.0,185,20,17,3,0,0,0,0,0,0,0,,-1,0,0,,70-106,3,,10.0,-1,0,0,,33-79,2,,5.0,-1,0,0,,19-91,10,,10.0,0,-1,0,0,,,0,,0.0,-1,0,0,,35-111,2,,10.0,75,3,5,,,0,,0.0,-1,0,0,,53-58,2,,10.0,0,-1,0,0,,,0,,0.0,,,,,"AspBridgex3(pos70-106,sev10); AspCleavex2(pos53-58,sev10); ProtTrypx10(pos19-91,sev10); MetOxx2(pos33-79,sev5); TrpOxx2(pos35-111,sev10); HydroPatch(pos75,sev5)",0.0,0.0,,,,,,,,0.0,0.0,2.27046,2.27046,,,,True,False,False,True,0.0,0.0,100000.25,100000.25,0.0,0.67513,0.0,0.0,0.0,0.0,0.0,0.67513,False,False,False,False,False,False,False,False,False,False,False,False,18.67226,3.48711,2.74904,28.65274,28.65274,False,False,False,True,0.0,24.29961,16.66012,0.13818,0.43975,0.13818,0.13818,0.0,0.64404,False,False,False,False,False,False,False,False,False,False,False,False,14347.76465,13108.52539,0,,3.48711,-16.66012,-20.9811,-248.90089,-16.66012,False,1,True,False,False,False,True,True,False,True,True,True,1.0,9.0,6.0,26.0,26.5,28.5,28.5,12,0.711864406779661,GTGTVTNGFDDGRGGTGGGGGGEVNGVTY
Fcgr4_denovo_design_3,19,GSLTIDSIGNNCNAEGYSTGGGVTSNGAVY,EVQLVESGGGLVQPGGSLRLSCAASGSLTIDSMAWYRQAPGKGRELVAGIGNNSYADSVKGRFTISRDNAKNTLYLQMNSLRPEDTAVYYCNAEGYSTGGGCAVTSNGAVYWGQGTLVTVSS,30,0.15318,19.93614,0.69479,10.6069,4.69962,10,1209.6416,268.64636,44.0337,29.179,0.86667,0.0,0.13333,Fcgr4_denovo_design_3.cif,305,0,305.0,305.0,0.0,0.23333,0.06667,0.03333,0.13333,0.0,0.1,0.06667,0.06667,0.13333,0.03333,0.03333,0.0,0.0,0.03333,0.0,0.0,0.0,0.0,0.06667,0.0,235,26,21,5,0,0,0,0,0,0,0,3.0,-1,0,0,,53-107,5,,10.0,-1,0,0,,33-78,2,,5.0,-1,0,0,,19-82,9,,10.0,0,-1,0,0,,,0,,0.0,-1,0,0,,35-112,2,,10.0,-1,0,0,,74-110,3,,5.0,-1,0,0,,31-57,2,,10.0,0,-1,0,0,,,0,,0.0,22-102,3.0,,10.0,"AspBridgex5(pos53-107,sev10); AspCleavex2(pos31-57,sev10); ProtTrypx9(pos19-82,sev10); MetOxx2(pos33-78,sev5); TrpOxx2(pos35-112,sev10); HydroPatchx3(pos74-110,sev5); UnpairedCysx3(pos22-102,sev10)",0.0,0.0,,,,,,,,0.0,0.0,4.69962,4.69962,,,,False,False,False,False,0.0,0.0,100000.25,100000.25,0.0,0.64031,0.0,0.0,0.0,0.0,0.0,0.64031,False,False,False,False,False,False,False,False,False,False,False,False,10.6069,9.13778,3.1921,20.78937,20.78937,False,False,False,False,0.0,25.20486,19.93614,0.1243,0.4434,0.1243,0.1243,0.0,0.65613,False,False,False,False,False,False,False,False,False,False,False,False,14984.63965,13774.99805,1,,9.13778,-19.93614,-29.179,-268.64636,-19.93614,False,1,True,False,False,False,False,True,False,True,True,True,1.0,10.0,14.0,26.0,20.5,29.0,29.0,13,0.6949152542372881,GSLTIDSIGNNCNAEGYSTGGGVTSNGAVY
Fcgr4_binder_design_16,20,MSSAPTLRLFEVLTAVARTGTTSYSSVVVSLKPNPTLPSEIEANTADPRENPDATFSAKSSQGRDKETGLYYVTTAIEGVDSLKGVAVEVYDENNNRGLQGVGILIEAPVSDVGLSLEELRERAATGEAGVVANLVFTVLVVPASLRPRAIFKFYANGELVAEISPDGKTAKEFKPGVIAFPPVEVGDHYFYVVAVLVDGSTKEVTFSVEAYLLDGTLVTEGISQVTA,MSSAPTLRLFEPKDTLMISRTPVLTAVARTGTTSYSSVVVSLKPNPTLPSEIEANTADPRENPDATFSAKWYVDGVEVHNAKSSQGRDKETGLYYVTTAIEGVDSLKGVAVEVYDENNNRGLQGVGILIEAPVSDVGLSLEELRERAATGEAGVVANLTVLHQDWLNGKEYVFTVLVVPASLRPRAIFKFYANGELVAEISPDGKTAKEFKPGVIAFPPVEVGDHYFYVVAVLVDGSTKEVTFSVEAYLLDGTLVTEGISQVTATISKAKGQPREPQVYTLPPSRDELTKNQVSLTCLVKGFYPSDIAVEWESNGQPENNYKTTPPVLDSDGSFFLYSKLTVDKSRWQQGNVFSCSVMHEALHNHYTQKSLSL,228,0.14018,21.99004,0.39886,18.66355,12.39647,13,2382.68848,1543.28284,55.829,56.3833,0.40351,0.11842,0.47807,Fcgr4_binder_design_16.cif,556,0,556.0,556.0,0.0,0.07895,0.10088,0.0,0.07895,0.05702,0.08333,0.13596,0.03509,0.03509,0.04386,0.08772,0.00439,0.01316,0.08772,0.03947,0.00439,0.03947,0.03947,0.03509,0.0,565,63,50,13,0,0,0,0,0,0,0,,-1,0,0,,80-314,5,,10.0,-1,0,0,,1-358,3,,5.0,-1,0,0,,8-369,33,,10.0,0,-1,0,0,,,0,,0.0,-1,0,0,,71-347,4,,10.0,-1,0,0,,38-334,10,,5.0,-1,0,0,,58-331,8,,10.0,0,-1,0,0,,,0,,0.0,,,,,"AspBridgex5(pos80-314,sev10); AspCleavex8(pos58-331,sev10); ProtTrypx33(pos8-369,sev10); MetOxx3(pos1-358,sev5); TrpOxx4(pos71-347,sev10); HydroPatchx10(pos38-334,sev5)",0.0,0.0,0.0,0.01333,0.05333,0.09333,0.12,0.2,0.21333,0.0,0.0,12.39647,12.39647,,,,False,False,False,False,0.0,0.0,100000.25,100000.25,0.0,0.37905,0.0,0.0,0.0,0.0,0.0,0.37905,False,False,False,False,False,False,False,False,False,False,False,False,18.66355,12.42449,4.53973,63.03858,63.03858,False,False,False,False,0.0,28.05145,20.2915,0.15157,0.34503,0.15157,0.15157,0.0,0.75217,False,False,False,False,False,False,False,False,False,False,False,False,18544.32617,16161.6377,5,,12.42449,-21.99004,-56.3833,-1543.28284,-20.2915,False,1,True,False,False,False,False,True,True,True,True,True,1.0,29.0,29.0,19.0,5.0,11.5,29.0,13,0.6779661016949152,MSSAPTLRLFEVLTAVARTGTTSYSSVVVSLKPNPTLPSEIEANTADPRENPDATFSAKSSQGRDKETGLYYVTTAIEGVDSLKGVAVEVYDENNNRGLQGVGILIEAPVSDVGLSLEELRERAATGEAGVVANLVFTVLVVPASLRPRAIFKFYANGELVAEISPDGKTAKEFKPGVIAFPPVEVGDHYFYVVAVLVDGSTKEVTFSVEAYLLDGTLVTEGISQVTA
Fcgr4_denovo_design_6,21,GGTLNSGGGSAKGAGSGADGLA,EVQLVESGGGLVQPGGSLRLSCAASGGTLNSMAWYRQAPGKGRELVAGGGGSAKSYADSVKGRFTISRDNAKNTLYLQMNSLRPEDTAVYGAYCAGSGADGLAWGQGTLVTVSS,22,0.19558,16.78485,0.7352,14.80951,3.04706,14,1074.7627,668.86401,42.0185,17.4099,0.81818,0.0,0.18182,Fcgr4_denovo_design_6.cif,297,0,297.0,297.0,0.0,0.40909,0.18182,0.0,0.13636,0.0,0.04545,0.0,0.0,0.04545,0.04545,0.09091,0.0,0.0,0.0,0.04545,0.0,0.0,0.0,0.0,0.0,185,20,17,3,0,0,0,0,0,0,0,,-1,0,0,,30-80,3,,10.0,-1,0,0,,32-79,2,,5.0,-1,0,0,,19-83,10,,10.0,0,-1,0,0,,,0,,0.0,-1,0,0,,34-104,2,,10.0,75,3,5,,,0,,0.0,-1,0,0,,58-100,2,,10.0,0,-1,0,0,,,0,,0.0,,,,,"AspBridgex3(pos30-80,sev10); AspCleavex2(pos58-100,sev10); ProtTrypx10(pos19-83,sev10); MetOxx2(pos32-79,sev5); TrpOxx2(pos34-104,sev10); HydroPatch(pos75,sev5)",0.0,0.0,,,,,,,,0.0,0.0,3.04706,3.04706,,,,False,False,False,True,0.0,0.0,100000.25,100000.25,0.0,0.69682,0.0,0.0,0.0,0.0,0.0,0.69682,False,False,False,False,False,False,False,False,False,False,False,False,14.80951,2.29942,1.71476,19.41856,19.41856,False,False,False,True,0.0,23.82297,15.71355,0.16619,0.45141,0.16619,0.16619,0.0,0.64954,False,False,False,False,False,False,False,False,False,False,False,False,14951.15332,13876.39062,0,,2.29942,-16.78485,-17.4099,-668.86401,-15.71355,False,1,True,False,False,True,False,True,False,True,True,True,1.0,2.0,7.0,15.5,26.5,29.5,29.5,14,0.6610169491525424,GGTLNSGGGSAKGAGSGADGLA
Fcgr4_binder_design_32,22,MPRLICGVGAGAPGAVGCGAGGDLLVPSSLVAAGGVVTVAALASVVTAGAGGASSTLGGSTVTVEPAEGVTVGGVPAGAVGGKATTTIGAGGAAAMRAGEVASIGAGVGSGLTCVVGVVVGSEEAVRTAVVTAGELVDGGGGIKVAWSVNGVNVPASQVVVSPAGGTGDGGVASAASLPISDADAAAIVSGSPAAKAYACLAVA,MPRLICGVGAGAPGPKDTLMISRTPAVGCGAGGDLLVPSSLVAAGGVVTVAALASWYVDGVEVHNAKVVTAGAGGASSTLGGSTVTVEPAEGVTVGGVPAGAVGGKATTTIGAGGAAAMRAGEVASIGAGVGSGLTVLHQDWLNGKEYTCVVGVVVGSEEAVRTAVVTAGELVDGGGGIKVAWSVNGVNVPASQVVVSPAGGTGDGGVASAASLPISDADAAAIVSGSPAAKAYACLAVATISKAKGQPREPQVYTLPPSRDELTKNQVSLTCLVKGFYPSDIAVEWESNGQPENNYKTTPPVLDSDGSFFLYSKLTVDKSRWQQGNVFSCSVMHEALHNHYTQKSLSL,204,0.14453,21.51826,0.44378,21.67032,9.32352,11,794.44531,3716.17847,48.9237,44.9992,0.35294,0.14706,0.5,Fcgr4_binder_design_32.cif,532,0,532.0,532.0,0.0,0.21078,0.20588,0.01961,0.08333,0.04412,0.06373,0.17647,0.02941,0.0098,0.02451,0.04902,0.0098,0.0049,0.02941,0.01471,0.0,0.0,0.01471,0.0049,0.0049,405,45,36,9,0,0,0,0,0,0,0,,-1,0,0,,65-290,5,,10.0,-1,0,0,,1-334,4,,5.0,-1,0,0,,3-345,21,,10.0,0,-1,0,0,,,0,,0.0,-1,0,0,,56-323,5,,10.0,-1,0,0,,35-310,5,,5.0,-1,0,0,,59-307,5,,10.0,0,-1,0,0,,,0,,0.0,,,,,"AspBridgex5(pos65-290,sev10); AspCleavex5(pos59-307,sev10); ProtTrypx21(pos3-345,sev10); MetOxx4(pos1-334,sev5); TrpOxx5(pos56-323,sev10); HydroPatchx5(pos35-310,sev5)",0.0,0.0,0.04,0.08,0.18667,0.29333,0.36,0.44,0.52,0.0,0.0,9.32352,9.32352,,,,False,False,False,False,0.0,0.0,100000.25,100000.25,0.0,0.45864,0.0,0.0,0.0,0.0,0.0,0.45864,False,False,False,False,False,False,False,False,False,False,False,False,21.67032,12.02992,1.02057,46.75272,46.75272,False,False,False,False,0.0,27.87319,20.39597,0.16571,0.35309,0.16571,0.16571,0.0,0.75657,False,False,False,False,False,False,False,False,False,False,False,False,18374.89453,17580.44922,0,,12.02992,-21.51826,-44.9992,-3716.17847,-20.39597,False,1,True,False,False,False,False,False,False,True,True,True,1.0,22.0,20.0,24.5,26.5,30.0,30.0,15,0.6440677966101696,MPRLICGVGAGAPGAVGCGAGGDLLVPSSLVAAGGVVTVAALASVVTAGAGGASSTLGGSTVTVEPAEGVTVGGVPAGAVGGKATTTIGAGGAAAMRAGEVASIGAGVGSGLTCVVGVVVGSEEAVRTAVVTAGELVDGGGGIKVAWSVNGVNVPASQVVVSPAGGTGDGGVASAASLPISDADAAAIVSGSPAAKAYACLAVA
Fcgr4_binder_design_45,23,GGAGCVPPHVVACGSGGGVVGGGGGGSSGPAGIGGGGAGGGGAGGPVTIKIVTASYGYGSHGAGGGTGTGPAGSGAAGGSGGGGLGGGGGGGSGIALPDGSPLAGGAGGGGGGGGVGGTGGGAVAGSLTCKITAGGGAGTAGAGSGGGGGGGGGGVGTTAGLAAAGAAGGGGGSGSTNGGTAGGGGGAGGATGGAGGGGGGATGAQAAAAGTAAGAGGGAGTTGTGTG,GGAGCVPPHPKDTLMISRTPVVACGSGGGVVGGGGGGSSGPAGIGGGGAGGGGAGGPVTIKWYVDGVEVHNAKIVTASYGYGSHGAGGGTGTGPAGSGAAGGSGGGGLGGGGGGGSGIALPDGSPLAGGAGGGGGGGGVGGTGGGAVAGSLTVLHQDWLNGKEYTCKITAGGGAGTAGAGSGGGGGGGGGGVGTTAGLAAAGAAGGGGGSGSTNGGTAGGGGGAGGATGGAGGGGGGATGAQAAAAGTAAGAGGGAGTTGTGTGTISKAKGQPREPQVYTLPPSRDELTKNQVSLTCLVKGFYPSDIAVEWESNGQPENNYKTTPPVLDSDGSFFLYSKLTVDKSRWQQGNVFSCSVMHEALHNHYTQKSLSL,228,0.14383,21.37941,0.43289,26.49421,18.44219,5,2547.11523,2103.45898,36.0738,23.0328,0.44737,0.10965,0.44298,Fcgr4_binder_design_45.cif,556,0,556.0,556.0,0.0,0.51754,0.17105,0.01316,0.05702,0.0307,0.08333,0.04386,0.02193,0.00439,0.00439,0.02193,0.0,0.00439,0.0,0.00877,0.00877,0.0,0.0,0.00877,0.0,370,39,35,4,0,0,0,0,0,0,0,5.0,-1,0,0,,71-314,5,,10.0,-1,0,0,,15-358,2,,5.0,-1,0,0,,11-369,17,,10.0,0,-1,0,0,,,0,,0.0,-1,0,0,,62-347,4,,10.0,-1,0,0,,62-334,2,,5.0,-1,0,0,,65-331,4,,10.0,0,-1,0,0,,,0,,0.0,5-355,5.0,,10.0,"AspBridgex5(pos71-314,sev10); AspCleavex4(pos65-331,sev10); ProtTrypx17(pos11-369,sev10); MetOxx2(pos15-358,sev5); TrpOxx4(pos62-347,sev10); HydroPatchx2(pos62-334,sev5); UnpairedCysx5(pos5-355,sev10)",0.0,0.0,0.0,0.08,0.22667,0.29333,0.42667,0.50667,0.58667,0.0,0.0,18.44219,18.44219,,,,False,False,False,False,0.0,0.0,100000.25,100000.25,0.0,0.35655,0.0,0.0,0.0,0.0,0.0,0.35655,False,False,False,False,False,False,False,False,False,False,False,False,26.49421,18.65579,3.95138,54.83408,54.83408,False,False,False,False,0.0,28.50335,21.37941,0.14265,0.35026,0.14265,0.14265,0.0,0.78747,False,False,False,False,False,False,False,False,False,False,False,False,17765.26172,15218.14648,1,,18.65579,-21.37941,-23.0328,-2103.45898,-21.37941,False,1,True,False,False,False,False,True,False,True,True,True,1.0,24.0,18.0,30.0,20.5,9.5,30.0,15,0.6271186440677966,GGAGCVPPHVVACGSGGGVVGGGGGGSSGPAGIGGGGAGGGGAGGPVTIKIVTASYGYGSHGAGGGTGTGPAGSGAAGGSGGGGLGGGGGGGSGIALPDGSPLAGGAGGGGGGGGVGGTGGGAVAGSLTCKITAGGGAGTAGAGSGGGGGGGGGGVGTTAGLAAAGAAGGGGGSGSTNGGTAGGGGGAGGATGGAGGGGGGATGAQAAAAGTAAGAGGGAGTTGTGTG
Fcgr4_binder_design_41,24,VGSVITCTGGAGSVSGGTAGVPGSGTASVTATITTFLGGVGGGDVGPGGSGAAGAVVVNGKVVESGVGGTASTPPTVTEDPATGTGTASGEAGPGAAGSGGVGAGVASALTCKVTITPGAELAKASPTVGIGVGGGGVGGGAVTVYGYVNGKLVGRGDGAEGKGVPLGEHPGIGSGVSGVSVASGGVAVLVGLTVSAELALSNTYTGIV,VGSPKDTLMISRTPVITCTGGAGSVSGGTAGVPGSGTASVTATITWYVDGVEVHNAKTFLGGVGGGDVGPGGSGAAGAVVVNGKVVESGVGGTASTPPTVTEDPATGTGTASGEAGPGAAGSGGVGAGVASALTVLHQDWLNGKEYTCKVTITPGAELAKASPTVGIGVGGGGVGGGAVTVYGYVNGKLVGRGDGAEGKGVPLGEHPGIGSGVSGVSVASGGVAVLVGLTVSAELALSNTYTGIVTISKAKGQPREPQVYTLPPSRDELTKNQVSLTCLVKGFYPSDIAVEWESNGQPENNYKTTPPVLDSDGSFFLYSKLTVDKSRWQQGNVFSCSVMHEALHNHYTQKSLSL,209,0.15879,22.15225,0.52552,23.65309,8.93806,13,1574.32422,3516.63232,45.7066,39.8324,0.39234,0.08612,0.52153,Fcgr4_binder_design_41.cif,537,0,537.0,537.0,0.0,0.2823,0.11962,0.00957,0.08612,0.04785,0.11005,0.15789,0.02871,0.01435,0.01435,0.04306,0.0,0.0,0.03349,0.02392,0.00478,0.00478,0.00478,0.01435,0.0,390,42,36,6,0,0,0,0,0,0,0,,-1,0,0,,55-295,6,,10.0,-1,0,0,,9-339,2,,5.0,-1,0,0,,5-350,21,,10.0,0,-1,0,0,,,0,,0.0,-1,0,0,,46-328,4,,10.0,-1,0,0,,46-315,4,,5.0,-1,0,0,,49-312,5,,10.0,0,-1,0,0,,,0,,0.0,,,,,"AspBridgex6(pos55-295,sev10); AspCleavex5(pos49-312,sev10); ProtTrypx21(pos5-350,sev10); MetOxx2(pos9-339,sev5); TrpOxx4(pos46-328,sev10); HydroPatchx4(pos46-315,sev5)",0.0,0.0,0.34667,0.54667,0.68,0.77333,0.86667,0.90667,0.92,0.0,0.0,8.93806,8.93806,,,,False,False,False,False,0.0,0.0,100000.25,100000.25,0.0,0.43139,0.0,0.0,0.0,0.0,0.0,0.43139,False,False,False,False,False,False,False,False,False,False,False,False,23.65309,6.39306,0.6933,51.58733,51.58733,False,False,False,False,0.0,27.52516,18.95943,0.1919,0.39778,0.1919,0.1919,0.0,0.7417,False,False,False,False,False,False,False,False,False,False,False,False,18863.17578,17288.85156,0,,6.39306,-22.15225,-39.8324,-3516.63232,-18.95943,False,1,True,False,False,False,False,True,False,True,True,True,1.0,15.0,32.0,19.0,26.5,23.0,32.0,16,0.6101694915254237,VGSVITCTGGAGSVSGGTAGVPGSGTASVTATITTFLGGVGGGDVGPGGSGAAGAVVVNGKVVESGVGGTASTPPTVTEDPATGTGTASGEAGPGAAGSGGVGAGVASALTCKVTITPGAELAKASPTVGIGVGGGGVGGGAVTVYGYVNGKLVGRGDGAEGKGVPLGEHPGIGSGVSGVSVASGGVAVLVGLTVSAELALSNTYTGIV
Fcgr4_binder_design_02,25,AAGSSPATIVLNPLSDGGRLTFTVSGAALAVVTVVFSTLPELELKTSPPQLLSGGAYAVASLLPLLPYLTGAGKTFTTAIPPLLESLEISKSNVVIGVVIGLALSSTATVTVTPKAPEAISDTELKLTVEVTVSGEGVALSSVCAAVRIGEQTYTSTTAPQPSDGPRTATVTITIPADLSEELLAKLERIASSGPATFTF,AAGSPKDTLMISRTPSPATIVLNPLSDGGRLTFTVSGAALAVVTVVFSTLPELELKWYVDGVEVHNAKTSPPQLLSGGAYAVASLLPLLPYLTGAGKTFTTAIPPLLESLEISKSNVVIGVVIGLALSSTVLHQDWLNGKEYTATVTVTPKAPEAISDTELKLTVEVTVSGEGVALSSVCAAVRIGEQTYTSTTAPQPSDGPRTATVTITIPADLSEELLAKLERIASSGPATFTFTISKAKGQPREPQVYTLPPSRDELTKNQVSLTCLVKGFYPSDIAVEWESNGQPENNYKTTPPVLDSDGSFFLYSKLTVDKSRWQQGNVFSCSVMHEALHNHYTQKSLSL,200,0.14032,22.22189,0.50791,21.84898,3.86597,17,2043.08984,1892.552,57.6463,59.4863,0.375,0.125,0.5,Fcgr4_binder_design_02.cif,528,0,528.0,528.0,0.0,0.075,0.12,0.005,0.11,0.08,0.135,0.1,0.05,0.01,0.02,0.13,0.0,0.015,0.06,0.03,0.0,0.025,0.02,0.015,0.0,455,50,41,9,0,0,0,0,0,0,0,3.0,-1,0,0,,66-286,4,,10.0,-1,0,0,,10-330,2,,5.0,-1,0,0,,6-341,25,,10.0,0,1,1,5,,,0,,0.0,-1,0,0,,57-319,4,,10.0,-1,0,0,,20-306,6,,5.0,-1,0,0,,27-303,5,,10.0,0,-1,0,0,,,0,,0.0,180-327,3.0,,10.0,"AspBridgex4(pos66-286,sev10); AspCleavex5(pos27-303,sev10); ProtTrypx25(pos6-341,sev10); DPP4(pos1,sev5); MetOxx2(pos10-330,sev5); TrpOxx4(pos57-319,sev10); HydroPatchx6(pos20-306,sev5); UnpairedCysx3(pos180-327,sev10)",0.0,0.0,0.0,0.0,0.0,0.01333,0.09333,0.14667,0.2,0.0,0.0,3.86597,3.86597,,,,False,False,False,True,0.0,0.0,100000.25,100000.25,0.0,0.45692,0.0,0.0,0.0,0.0,0.0,0.45692,False,False,False,False,False,False,False,False,False,False,False,False,21.84898,4.04206,1.69518,66.94281,66.94281,False,False,False,False,0.0,27.75508,20.52281,0.16308,0.37427,0.16308,0.16308,0.0,0.73416,False,False,False,False,False,False,False,False,False,False,False,False,19614.75,17571.66016,3,,4.04206,-22.22189,-59.4863,-1892.552,-20.52281,False,1,True,False,False,False,False,True,True,True,True,True,1.0,16.0,33.0,9.0,12.0,17.5,33.0,17,0.5932203389830508,AAGSSPATIVLNPLSDGGRLTFTVSGAALAVVTVVFSTLPELELKTSPPQLLSGGAYAVASLLPLLPYLTGAGKTFTTAIPPLLESLEISKSNVVIGVVIGLALSSTATVTVTPKAPEAISDTELKLTVEVTVSGEGVALSSVCAAVRIGEQTYTSTTAPQPSDGPRTATVTITIPADLSEELLAKLERIASSGPATFTF
